,loss,accuracy,val_loss,val_accuracy
0,0.13683700561523438,0.8645102977752686,0.018583843484520912,0.0
